firstname,lastname,id,email,password,picture
stephen,anderson,5549de7a387625530781a301,stephen.anderson18@example.com,team,http://api.randomuser.me/portraits/men/87.jpg
lauren,warren,5549df0fae6c604f1dead8c2,lauren.warren73@example.com,hotred,http://api.randomuser.me/portraits/women/94.jpg
lillie,ward,5549de8e387625530781a307,lillie.ward69@example.com,tardis,http://api.randomuser.me/portraits/women/4.jpg
joann,gibson,5549deeaae6c604f1dead8ba,joann.gibson27@example.com,kenobi,http://api.randomuser.me/portraits/women/44.jpg
pearl,shelton,5549de87387625530781a305,pearl.shelton94@example.com,tong,http://api.randomuser.me/portraits/women/39.jpg
hugh,hall,5549de94387625530781a309,hugh.hall98@example.com,frosty,http://api.randomuser.me/portraits/men/98.jpg
rachel,pena,5549df03ae6c604f1dead8c0,rachel.pena59@example.com,thisisit,http://api.randomuser.me/portraits/women/10.jpg
beatrice,hayes,5549de81387625530781a303,beatrice.hayes52@example.com,sunlight,http://api.randomuser.me/portraits/women/92.jpg
gary,wallace,5549def6ae6c604f1dead8bc,gary.wallace84@example.com,wind,http://api.randomuser.me/portraits/men/26.jpg
robert,moore,5549defcae6c604f1dead8be,robert.moore26@example.com,orange1,http://api.randomuser.me/portraits/men/97.jpg
vickie,pearson,5549de9b387625530781a30b,vickie.pearson27@example.com,forest,http://api.randomuser.me/portraits/women/25.jpg
craig,ford,5549dee4ae6c604f1dead8b8,craig.ford91@example.com,ccbill,http://api.randomuser.me/portraits/men/51.jpg
lucas,jenkins,5590c89842e990585ff64ea2,lucas.jenkins91@example.com,wolfpac,http://api.randomuser.me/portraits/men/44.jpg
roberta,vargas,5590d7b942e990585ff64ea8,roberta.vargas50@example.com,electron,http://api.randomuser.me/portraits/women/27.jpg
felecia,little,5590d7bb42e990585ff64ea9,felecia.little54@example.com,season,http://api.randomuser.me/portraits/women/67.jpg
felix,caldwell,5590d7bd42e990585ff64eaa,felix.caldwell17@example.com,55555555,http://api.randomuser.me/portraits/men/25.jpg
martin,crawford,5590d7bf91204a065ff797a4,martin.crawford41@example.com,franks,http://api.randomuser.me/portraits/men/39.jpg
evelyn,hunt,5590d7c242e990585ff64eab,evelyn.hunt18@example.com,12121212,http://api.randomuser.me/portraits/women/10.jpg
robin,fleming,5590d7c442e990585ff64eac,robin.fleming83@example.com,trapper,http://api.randomuser.me/portraits/women/83.jpg
layla,reed,5590d7c642e990585ff64ead,layla.reed22@example.com,bourbon,http://api.randomuser.me/portraits/women/52.jpg
vernon,herrera,5590d7c80f8f85b35dece3a1,vernon.herrera27@example.com,louis,http://api.randomuser.me/portraits/men/13.jpg
cecil,mitchelle,5590d7ca0f8f85b35dece3a2,cecil.mitchelle10@example.com,faith,http://api.randomuser.me/portraits/men/66.jpg
brent,andrews,5590d7cc42e990585ff64eae,brent.andrews64@example.com,bowling,http://api.randomuser.me/portraits/men/92.jpg
lewis,soto,5590d7ce42e990585ff64eaf,lewis.soto88@example.com,tomtom,http://api.randomuser.me/portraits/men/18.jpg
douglas,stone,5590d7d00f8f85b35dece3a3,douglas.stone96@example.com,peyton,http://api.randomuser.me/portraits/men/11.jpg
phyllis,ferguson,5590d7d242e990585ff64eb0,phyllis.ferguson87@example.com,predator,http://api.randomuser.me/portraits/women/87.jpg
yolanda,robertson,5590d7d442e990585ff64eb1,yolanda.robertson13@example.com,asdf,http://api.randomuser.me/portraits/women/2.jpg
joanne,pierce,5590d7d691204a065ff797a5,joanne.pierce22@example.com,gratis,http://api.randomuser.me/portraits/women/10.jpg
terry,perez,5590d7d891204a065ff797a6,terry.perez94@example.com,contact,http://api.randomuser.me/portraits/women/40.jpg
stephen,bell,5590d7da91204a065ff797a7,stephen.bell27@example.com,zurich,http://api.randomuser.me/portraits/men/67.jpg
clara,bailey,5590d7dc42e990585ff64eb2,clara.bailey28@example.com,987654,http://api.randomuser.me/portraits/women/76.jpg
